{"epoch": 0, "time_epoch": 24.36547, "eta": 48706.58297, "eta_hours": 13.52961, "loss": 1.52816284, "lr": 0.0, "params": 386201, "time_iter": 0.07784, "mae": 1.52816, "r2": -0.01165, "spearmanr": -0.41618, "mse": 4.09051, "rmse": 2.0225}
