{"epoch": 0, "time_epoch": 52.77061, "eta": 105488.45387, "eta_hours": 29.30235, "loss": 1.47074622, "lr": 0.0, "params": 240473, "time_iter": 0.1686, "mae": 1.47075, "r2": -0.09454, "spearmanr": 0.09668, "mse": 4.42565, "rmse": 2.10372}
