{"epoch": 0, "time_epoch": 8.6849, "eta": 17361.11519, "eta_hours": 4.82253, "loss": 1.5169439, "lr": 0.0, "params": 73065, "time_iter": 0.02775, "mae": 1.51694, "r2": -3e-05, "spearmanr": 0.0093, "mse": 4.0435, "rmse": 2.01085}
