{"epoch": 0, "time_epoch": 26.4791, "eta": 52931.72088, "eta_hours": 14.70326, "loss": 1.67152961, "lr": 0.0, "params": 629337, "time_iter": 0.0846, "mae": 1.67153, "r2": -0.10185, "spearmanr": -0.03413, "mse": 4.45521, "rmse": 2.11074}
{"epoch": 1, "time_epoch": 25.08585, "eta": 51513.38671, "eta_hours": 14.30927, "loss": 1.47742214, "lr": 2e-05, "params": 629337, "time_iter": 0.08015, "mae": 1.47742, "r2": -0.04938, "spearmanr": 0.09899, "mse": 4.24305, "rmse": 2.05987}
