{"epoch": 0, "time_epoch": 64.49444, "eta": 64429.94826, "eta_hours": 17.89721, "loss": 0.70535877, "lr": 0.0007, "params": 384193, "time_iter": 0.20605, "mae": 0.70536, "r2": 0.59589, "spearmanr": 0.85563, "mse": 1.63396, "rmse": 1.27826}
{"epoch": 1, "time_epoch": 62.73283, "eta": 63486.41136, "eta_hours": 17.63511, "loss": 0.58519953, "lr": 0.0007, "params": 384193, "time_iter": 0.20042, "mae": 0.5852, "r2": 0.6694, "spearmanr": 0.89936, "mse": 1.33676, "rmse": 1.15618}
{"epoch": 2, "time_epoch": 62.03107, "eta": 62896.85828, "eta_hours": 17.47135, "loss": 0.56900195, "lr": 0.0007, "params": 384193, "time_iter": 0.19818, "mae": 0.569, "r2": 0.67499, "spearmanr": 0.90491, "mse": 1.31414, "rmse": 1.14636}
{"epoch": 3, "time_epoch": 61.79989, "eta": 62513.50168, "eta_hours": 17.36486, "loss": 0.5343136, "lr": 0.0007, "params": 384193, "time_iter": 0.19744, "mae": 0.53431, "r2": 0.69407, "spearmanr": 0.9135, "mse": 1.23698, "rmse": 1.1122}
{"epoch": 4, "time_epoch": 62.13535, "eta": 62325.52525, "eta_hours": 17.31265, "loss": 0.53105971, "lr": 0.0007, "params": 384193, "time_iter": 0.19852, "mae": 0.53106, "r2": 0.69701, "spearmanr": 0.91722, "mse": 1.22511, "rmse": 1.10685}
{"epoch": 5, "time_epoch": 61.72258, "eta": 62111.11345, "eta_hours": 17.25309, "loss": 0.52870431, "lr": 0.0007, "params": 384193, "time_iter": 0.1972, "mae": 0.5287, "r2": 0.69354, "spearmanr": 0.91631, "mse": 1.23916, "rmse": 1.11318}
{"epoch": 6, "time_epoch": 61.70773, "eta": 61938.21956, "eta_hours": 17.20506, "loss": 0.49835142, "lr": 0.0007, "params": 384193, "time_iter": 0.19715, "mae": 0.49835, "r2": 0.71222, "spearmanr": 0.92369, "mse": 1.16362, "rmse": 1.07871}
{"epoch": 7, "time_epoch": 61.60684, "eta": 61780.61286, "eta_hours": 17.16128, "loss": 0.49801724, "lr": 0.0007, "params": 384193, "time_iter": 0.19683, "mae": 0.49802, "r2": 0.71072, "spearmanr": 0.92518, "mse": 1.16969, "rmse": 1.08152}
{"epoch": 8, "time_epoch": 61.86468, "eta": 61672.72964, "eta_hours": 17.13131, "loss": 0.4878342, "lr": 0.0007, "params": 384193, "time_iter": 0.19765, "mae": 0.48783, "r2": 0.71012, "spearmanr": 0.92726, "mse": 1.17209, "rmse": 1.08263}
{"epoch": 9, "time_epoch": 61.57919, "eta": 61545.78723, "eta_hours": 17.09605, "loss": 0.48345316, "lr": 0.0007, "params": 384193, "time_iter": 0.19674, "mae": 0.48345, "r2": 0.71598, "spearmanr": 0.92753, "mse": 1.14839, "rmse": 1.07163}
{"epoch": 10, "time_epoch": 61.57772, "eta": 61430.59626, "eta_hours": 17.06405, "loss": 0.46459833, "lr": 0.0007, "params": 384193, "time_iter": 0.19673, "mae": 0.4646, "r2": 0.72784, "spearmanr": 0.93437, "mse": 1.10046, "rmse": 1.04903}
{"epoch": 11, "time_epoch": 61.5451, "eta": 61321.65549, "eta_hours": 17.03379, "loss": 0.46913031, "lr": 0.0007, "params": 384193, "time_iter": 0.19663, "mae": 0.46913, "r2": 0.72915, "spearmanr": 0.93184, "mse": 1.09515, "rmse": 1.0465}
