{"epoch": 0, "time_epoch": 21.25116, "eta": 106234.54718, "eta_hours": 29.5096, "loss": 6.78580775, "lr": 0.0, "params": 304345, "time_iter": 0.0679, "mae": 6.78581, "r2": -12.58648, "spearmanr": -0.02772, "mse": 54.93554, "rmse": 7.41185}
