{"epoch": 0, "time_epoch": 19.30922, "eta": 38599.13427, "eta_hours": 10.72198, "loss": 1.83835856, "lr": 0.0, "params": 826329, "time_iter": 0.06169, "mae": 1.83836, "r2": -0.45058, "spearmanr": -0.17561, "mse": 4.65253, "rmse": 2.15697}
