{"epoch": 0, "time_epoch": 25.49472, "eta": 50963.94763, "eta_hours": 14.15665, "loss": 1.47980022, "lr": 0.0, "params": 386217, "time_iter": 0.08145, "mae": 1.4798, "r2": -0.00938, "spearmanr": 0.19159, "mse": 4.08134, "rmse": 2.02023}
{"epoch": 1, "time_epoch": 23.97363, "eta": 49418.88659, "eta_hours": 13.72747, "loss": 1.40171873, "lr": 2e-05, "params": 386217, "time_iter": 0.07659, "mae": 1.40172, "r2": 0.06835, "spearmanr": 0.64842, "mse": 3.76701, "rmse": 1.94088}
{"epoch": 2, "time_epoch": 23.89463, "eta": 48835.29091, "eta_hours": 13.56536, "loss": 0.79333173, "lr": 4e-05, "params": 386217, "time_iter": 0.07634, "mae": 0.79333, "r2": 0.53443, "spearmanr": 0.84521, "mse": 1.88247, "rmse": 1.37203}
{"epoch": 3, "time_epoch": 23.92012, "eta": 48544.26851, "eta_hours": 13.48452, "loss": 0.61755035, "lr": 6e-05, "params": 386217, "time_iter": 0.07642, "mae": 0.61755, "r2": 0.64705, "spearmanr": 0.88723, "mse": 1.42712, "rmse": 1.19462}
{"epoch": 4, "time_epoch": 23.90268, "eta": 48353.12633, "eta_hours": 13.43142, "loss": 0.59040528, "lr": 8e-05, "params": 386217, "time_iter": 0.07637, "mae": 0.59041, "r2": 0.66111, "spearmanr": 0.89741, "mse": 1.37026, "rmse": 1.17058}
{"epoch": 5, "time_epoch": 24.14044, "eta": 48296.74697, "eta_hours": 13.41576, "loss": 0.55507794, "lr": 0.0001, "params": 386217, "time_iter": 0.07713, "mae": 0.55508, "r2": 0.67428, "spearmanr": 0.90806, "mse": 1.317, "rmse": 1.14761}
{"epoch": 6, "time_epoch": 23.91624, "eta": 48185.74516, "eta_hours": 13.38493, "loss": 0.54037575, "lr": 0.00012, "params": 386217, "time_iter": 0.07641, "mae": 0.54038, "r2": 0.68537, "spearmanr": 0.91135, "mse": 1.27217, "rmse": 1.1279}
{"epoch": 7, "time_epoch": 24.08811, "eta": 48139.31115, "eta_hours": 13.37203, "loss": 0.51925855, "lr": 0.00014, "params": 386217, "time_iter": 0.07696, "mae": 0.51926, "r2": 0.69028, "spearmanr": 0.91562, "mse": 1.2523, "rmse": 1.11906}
{"epoch": 8, "time_epoch": 24.09843, "eta": 48100.12674, "eta_hours": 13.36115, "loss": 0.50259279, "lr": 0.00016, "params": 386217, "time_iter": 0.07699, "mae": 0.50259, "r2": 0.69434, "spearmanr": 0.91783, "mse": 1.23591, "rmse": 1.11172}
{"epoch": 9, "time_epoch": 24.06128, "eta": 48056.56575, "eta_hours": 13.34905, "loss": 0.50942648, "lr": 0.00018, "params": 386217, "time_iter": 0.07687, "mae": 0.50943, "r2": 0.69289, "spearmanr": 0.91522, "mse": 1.24176, "rmse": 1.11434}
{"epoch": 10, "time_epoch": 24.01817, "eta": 48008.7558, "eta_hours": 13.33577, "loss": 0.49678752, "lr": 0.0002, "params": 386217, "time_iter": 0.07674, "mae": 0.49679, "r2": 0.69704, "spearmanr": 0.91618, "mse": 1.225, "rmse": 1.1068}
{"epoch": 11, "time_epoch": 23.96703, "eta": 47956.43854, "eta_hours": 13.32123, "loss": 0.48172208, "lr": 0.00022, "params": 386217, "time_iter": 0.07657, "mae": 0.48172, "r2": 0.69806, "spearmanr": 0.92026, "mse": 1.22085, "rmse": 1.10492}
{"epoch": 12, "time_epoch": 23.66717, "eta": 47862.65084, "eta_hours": 13.29518, "loss": 0.46758366, "lr": 0.00024, "params": 386217, "time_iter": 0.07561, "mae": 0.46758, "r2": 0.70685, "spearmanr": 0.92391, "mse": 1.18532, "rmse": 1.08872}
{"epoch": 13, "time_epoch": 23.43981, "eta": 47746.62712, "eta_hours": 13.26295, "loss": 0.46234358, "lr": 0.00026, "params": 386217, "time_iter": 0.07489, "mae": 0.46234, "r2": 0.71172, "spearmanr": 0.92486, "mse": 1.16562, "rmse": 1.07964}
{"epoch": 14, "time_epoch": 23.35573, "eta": 47631.82126, "eta_hours": 13.23106, "loss": 0.44797052, "lr": 0.00028, "params": 386217, "time_iter": 0.07462, "mae": 0.44797, "r2": 0.71537, "spearmanr": 0.9272, "mse": 1.15088, "rmse": 1.07279}
{"epoch": 15, "time_epoch": 23.33412, "eta": 47525.76777, "eta_hours": 13.2016, "loss": 0.43954596, "lr": 0.0003, "params": 386217, "time_iter": 0.07455, "mae": 0.43955, "r2": 0.7135, "spearmanr": 0.92648, "mse": 1.15844, "rmse": 1.07631}
{"epoch": 16, "time_epoch": 23.43542, "eta": 47441.26149, "eta_hours": 13.17813, "loss": 0.42495633, "lr": 0.00032, "params": 386217, "time_iter": 0.07487, "mae": 0.42496, "r2": 0.71363, "spearmanr": 0.93036, "mse": 1.15792, "rmse": 1.07606}
{"epoch": 17, "time_epoch": 23.52924, "eta": 47373.87125, "eta_hours": 13.15941, "loss": 0.42434729, "lr": 0.00034, "params": 386217, "time_iter": 0.07517, "mae": 0.42435, "r2": 0.72127, "spearmanr": 0.93184, "mse": 1.12702, "rmse": 1.06161}
{"epoch": 18, "time_epoch": 23.47581, "eta": 47305.52712, "eta_hours": 13.14042, "loss": 0.40659474, "lr": 0.00036, "params": 386217, "time_iter": 0.075, "mae": 0.40659, "r2": 0.72353, "spearmanr": 0.93432, "mse": 1.11789, "rmse": 1.0573}
{"epoch": 19, "time_epoch": 23.33129, "eta": 47227.36255, "eta_hours": 13.11871, "loss": 0.41030645, "lr": 0.00038, "params": 386217, "time_iter": 0.07454, "mae": 0.41031, "r2": 0.7226, "spearmanr": 0.93428, "mse": 1.12162, "rmse": 1.05907}
{"epoch": 20, "time_epoch": 23.40204, "eta": 47161.08775, "eta_hours": 13.1003, "loss": 0.40011386, "lr": 0.0004, "params": 386217, "time_iter": 0.07477, "mae": 0.40011, "r2": 0.72467, "spearmanr": 0.93478, "mse": 1.11328, "rmse": 1.05512}
{"epoch": 21, "time_epoch": 23.41105, "eta": 47099.52067, "eta_hours": 13.0832, "loss": 0.41219134, "lr": 0.00042, "params": 386217, "time_iter": 0.0748, "mae": 0.41219, "r2": 0.7236, "spearmanr": 0.9344, "mse": 1.11759, "rmse": 1.05716}
{"epoch": 22, "time_epoch": 23.26108, "eta": 47028.38072, "eta_hours": 13.06344, "loss": 0.39070311, "lr": 0.00044, "params": 386217, "time_iter": 0.07432, "mae": 0.3907, "r2": 0.7279, "spearmanr": 0.93741, "mse": 1.1002, "rmse": 1.0489}
{"epoch": 23, "time_epoch": 23.4225, "eta": 46974.52097, "eta_hours": 13.04848, "loss": 0.39037541, "lr": 0.00046, "params": 386217, "time_iter": 0.07483, "mae": 0.39038, "r2": 0.73096, "spearmanr": 0.93828, "mse": 1.08784, "rmse": 1.043}
{"epoch": 24, "time_epoch": 23.68978, "eta": 46944.21125, "eta_hours": 13.04006, "loss": 0.39138706, "lr": 0.00048, "params": 386217, "time_iter": 0.07569, "mae": 0.39139, "r2": 0.73008, "spearmanr": 0.93806, "mse": 1.09138, "rmse": 1.04469}
{"epoch": 25, "time_epoch": 23.47552, "eta": 46898.14326, "eta_hours": 13.02726, "loss": 0.38661365, "lr": 0.0005, "params": 386217, "time_iter": 0.075, "mae": 0.38661, "r2": 0.73029, "spearmanr": 0.93845, "mse": 1.09056, "rmse": 1.0443}
{"epoch": 26, "time_epoch": 23.81953, "eta": 46878.88716, "eta_hours": 13.02191, "loss": 0.37689376, "lr": 0.00052, "params": 386217, "time_iter": 0.0761, "mae": 0.37689, "r2": 0.73437, "spearmanr": 0.94019, "mse": 1.07405, "rmse": 1.03636}
{"epoch": 27, "time_epoch": 23.43789, "eta": 46832.42691, "eta_hours": 13.00901, "loss": 0.37099226, "lr": 0.00054, "params": 386217, "time_iter": 0.07488, "mae": 0.37099, "r2": 0.73771, "spearmanr": 0.94201, "mse": 1.06055, "rmse": 1.02983}
{"epoch": 28, "time_epoch": 23.48267, "eta": 46790.59743, "eta_hours": 12.99739, "loss": 0.36550317, "lr": 0.00056, "params": 386217, "time_iter": 0.07502, "mae": 0.3655, "r2": 0.7415, "spearmanr": 0.94274, "mse": 1.0452, "rmse": 1.02235}
{"epoch": 29, "time_epoch": 23.45366, "eta": 46748.08645, "eta_hours": 12.98558, "loss": 0.36793694, "lr": 0.00058, "params": 386217, "time_iter": 0.07493, "mae": 0.36794, "r2": 0.74051, "spearmanr": 0.94295, "mse": 1.04921, "rmse": 1.02431}
{"epoch": 30, "time_epoch": 23.28363, "eta": 46696.0053, "eta_hours": 12.97111, "loss": 0.36467523, "lr": 0.0006, "params": 386217, "time_iter": 0.07439, "mae": 0.36468, "r2": 0.74476, "spearmanr": 0.94472, "mse": 1.03205, "rmse": 1.0159}
{"epoch": 31, "time_epoch": 23.50332, "eta": 46659.23475, "eta_hours": 12.9609, "loss": 0.36291367, "lr": 0.00062, "params": 386217, "time_iter": 0.07509, "mae": 0.36291, "r2": 0.7474, "spearmanr": 0.94436, "mse": 1.02134, "rmse": 1.01062}
{"epoch": 32, "time_epoch": 23.48973, "eta": 46622.45821, "eta_hours": 12.95068, "loss": 0.35542314, "lr": 0.00064, "params": 386217, "time_iter": 0.07505, "mae": 0.35542, "r2": 0.74682, "spearmanr": 0.94464, "mse": 1.02371, "rmse": 1.01179}
{"epoch": 33, "time_epoch": 23.16144, "eta": 46567.48054, "eta_hours": 12.93541,